round,date,n1,n2,n3,n4,n5,n6,bonus
1243,20260926,9,18,24,38,43,44,35
1242,20260919,2,4,10,16,31,41,9
1241,20260912,7,13,16,23,24,43,9
1240,20260905,11,13,19,20,31,44,27
1239,20260829,11,13,22,32,33,36,8
1238,20260822,2,13,18,32,38,42,22
1237,20260815,10,20,23,34,37,40,36
1236,20260808,12,18,21,29,34,38,10
1235,20260801,6,7,11,15,39,43,20
1234,20260725,1,15,19,31,35,43,27
1233,20260718,2,7,20,25,37,40,29
1232,20260711,12,15,19,22,24,36,3
1231,20260704,4,13,14,18,31,38,15
1230,20260627,3,8,9,22,28,42,45
1229,20260620,12,13,29,34,37,42,16
1228,20260613,24,29,30,31,35,44,1
1227,20260606,1,14,16,34,41,44,13
1226,20260530,4,6,13,17,26,28,41
1225,20260523,8,9,19,25,41,42,33
1224,20260516,9,18,21,27,44,45,28
1223,20260509,16,18,20,32,33,39,26
1222,20260502,4,11,17,22,32,41,34
1221,20260425,6,13,18,28,30,36,9
1220,20260418,2,22,25,28,34,43,16
1219,20260411,1,2,15,28,39,45,31
1218,20260404,3,28,31,32,42,45,25
1217,20260328,8,10,15,20,29,31,41
1216,20260321,3,10,14,15,23,24,25
1215,20260314,13,15,19,21,44,45,39
1214,20260307,10,15,19,27,30,33,14
1213,20260228,5,11,25,27,36,38,2
1212,20260221,5,8,25,31,41,44,45
1211,20260214,23,26,27,35,38,40,10
1210,20260207,1,7,9,17,27,38,31
1209,20260131,2,17,20,35,37,39,24
1208,20260124,6,27,30,36,38,42,25
1207,20260117,10,22,24,27,38,45,11
1206,20260110,1,3,17,26,27,42,23
1205,20260103,1,4,16,23,31,41,2
1204,20251227,8,16,28,30,31,44,27
1203,20251220,3,6,18,29,35,39,24
1202,20251213,5,12,21,33,37,40,7
1201,20251206,7,9,24,27,35,36,37
1200,20251129,1,2,4,16,20,32,45
1199,20251122,16,24,25,30,31,32,7
1198,20251115,26,30,33,38,39,41,21
1197,20251108,1,5,7,26,28,43,30
1196,20251101,8,12,15,29,40,45,14
1195,20251025,3,15,27,33,34,36,37
1194,20251018,3,13,15,24,33,37,2
1193,20251011,6,9,16,19,24,28,17
1192,20251004,10,16,23,36,39,40,11
1191,20250927,1,4,11,12,20,41,2
1190,20250920,7,9,19,23,26,45,33
1189,20250913,9,19,29,35,37,38,31
1188,20250906,3,4,12,19,22,27,9
1187,20250830,5,13,26,29,37,40,42
1186,20250823,2,8,13,16,23,28,35
1185,20250816,6,17,22,28,29,32,38
1184,20250809,14,16,23,25,31,37,42
1183,20250802,4,15,17,23,27,36,31
1182,20250726,1,13,21,25,28,31,22
1181,20250719,8,10,14,20,33,41,28
1180,20250712,6,12,18,37,40,41,3
1179,20250705,3,16,18,24,40,44,21
1178,20250628,5,6,11,27,43,44,17
1177,20250621,3,7,15,16,19,43,21
1176,20250614,7,9,11,21,30,35,29
1175,20250607,3,4,6,8,32,42,31
1174,20250531,8,11,14,17,36,39,22
1173,20250524,1,5,18,20,30,35,3
1172,20250517,7,9,24,40,42,44,45
1171,20250510,3,6,7,11,12,17,19
1170,20250503,3,13,28,34,38,42,25
1169,20250426,5,12,24,26,39,42,20
1168,20250419,9,21,24,30,33,37,29
1167,20250412,8,23,31,35,39,40,24
1166,20250405,14,23,25,27,29,42,16
1165,20250329,6,7,27,29,38,45,17
1164,20250322,17,18,23,25,38,39,22
1163,20250315,2,13,15,16,33,43,4
1162,20250308,20,21,22,25,28,29,6
1161,20250301,2,12,20,24,34,42,37
1160,20250222,7,13,18,36,39,45,19
1159,20250215,3,9,27,28,38,39,7
1158,20250208,21,25,27,32,37,38,20
1157,20250201,5,7,12,20,25,26,28
1156,20250125,30,31,34,39,41,45,7
1155,20250118,10,16,19,27,37,38,13
1154,20250111,4,8,22,26,32,38,27
1153,20250104,1,9,10,13,35,44,5
1152,20241228,30,31,32,35,36,37,5
1151,20241221,2,3,9,15,27,29,8
1150,20241214,8,9,18,35,39,45,25
1149,20241207,8,15,19,21,32,36,38
1148,20241130,3,6,13,15,16,22,32
1147,20241123,7,11,24,26,27,37,32
1146,20241116,6,11,17,19,40,43,28
1145,20241109,2,11,31,33,37,44,32
1144,20241102,3,4,12,15,26,34,6
